key,moment,title,author,body,email
chirp-01,2022/05/20 18:00,C,1,1,chirp01@gmail.com
chirp-02,2022/05/20 18:00,Chirp 2 con 100 caracteres Chirp 2 con 100 caracteres Chirp 2 con 100 caracteres Chirp 2 con 100 car,Autor Chirp 2 con 100 caracteres Autor Chirp 2 con 100 caracteres Autor Chirp 2 con 100 caracteres A,Chirp 2 con Autor Chirp 2 con 255 caracteres Chirp 2 con Autor Chirp 2 con 255 caracteres Chirp 2 con Autor Chirp 2 con 255 caracteres Chirp 2 con Autor Chirp 2 con 255 caracteres Chirp 2 con Autor Chirp 2 con 255 caracteres Chirp 2 con Autor Chirp 2 con,chirp02@gmail.com
chirp-03,2022/05/20 18:00,Chirp 3,Autor Chirp 3,Chirp 3 con Autor Chirp 3,null
chirp-04,2022/05/20 18:00,Chirp 4,Autor Chirp 4,Chirp 4 con Autor Chirp 4,chirp04@gmail.com
chirp-05,2022/05/20 18:00,Chirp 5 con 99 caracteres Chirp 5 con 99 caracteres Chirp 5 con 99 caracteres Chirp 5 con 99 carac,Autor Chirp 5 con 99 caracteres Autor Chirp 5 con 99 caracteres Autor Chirp 5 con 99 caracteres Aut,Chirp 5 con Autor Chirp 5 con 254 caracteres Chirp 5 con Autor Chirp 5 con 254 caracteres Chirp 5 con Autor Chirp 5 con 254 caracteres Chirp 5 con Autor Chirp 5 con 254 caracteres Chirp 5 con Autor Chirp 5 con 254 caracteres Chirp 5 con Autor Chirp 5 con,chirp05@gmail.com
chirp-06,2022/04/01 23:00,Chirp 6,Autor Chirp 6,Chirp 6 con Autor Chirp 6,chirp06@gmail.com
chirp-07,2022/04/02 23:00,Chirp 7,Autor Chirp 7,Chirp 7 con Autor Chirp 7,chirp07@gmail.com
chirp-08,2022/04/03 23:00,Chirp 8,Autor Chirp 8,Chirp 8 con Autor Chirp 8,chirp08@gmail.com
chirp-09,2022/04/03 23:00,Chirp 9,Autor Chirp 9,Chirp 9 con Autor Chirp 9,null
chirp-10,2022/04/03 23:00,Chirp 9,Autor Chirp 9,Chirp 9 con Autor Chirp 9,null
