key,key:user-account,company,statement,further-info
inventor-01,user-account-inventor-01,Company 1 con 100 caracteres Company 1 con 100 caracteres Company 1 con 100 caracteres Company 1 con,Statement 1 con 255 caracteres Statement 1 con 255 caracteres Statement 1 con 255 caracteres Statement 1 con 255 caracteres Statement 1 con 255 caracteres Statement 1 con 255 caracteres Statement 1 con 255 caracteres Statement 1 con 255 caracteres Stateme,http://www.example.com
inventor-02,user-account-inventor-02,2,2,http://www.example.com
inventor-03,user-account-inventor-03,Company 3 con 99 caracteres Company 3 con 99 caracteres Company 3 con 99 caracteres Company 3 con 9,Statement 3 con 254 caracteres Statement 3 con 254 caracteres Statement 3 con 254 caracteres Statement 3 con 254 caracteres Statement 3 con 254 caracteres Statement 3 con 254 caracteres Statement 3 con 254 caracteres Statement 3 con 254 caracteres Statem,http://www.example.com
inventor-04,user-account-inventor-04,Company 4,Statement 4,null
inventor-05,user-account-inventor-05,Company 5,Statement 5,http://www.example.com
inventor-06,user-account-inventor-06,Company 5,Statement 5,http://www.example.com
inventor-07,user-account-inventor-07,Company 5,Statement 5,http://www.example.com
inventor-08,user-account-inventor-08,Company 5,Statement 5,null
inventor-09,user-account-inventor-09,Company 5,Statement 5,http://www.example.com
inventor-10,user-account-inventor-10,Company 5,Statement 5,null