key,s-number,creation-moment,memorandum,further-info,key:patronage
patronage-report-01,9999,2019/07/10 11:32,Memorandum 1 con 255 caracteres Memorandum 1 con 255 caracteres Memorandum 1 con 255 caracteres Memorandum 1 con 255 caracteres Memorandum 1 con 255 caracteres Memorandum 1 con 255 caracteres Memorandum 1 con 255 caracteres Memorandum 1 con 255 caracteres,http://www.example.com,patronage-01
patronage-report-02,0001,2019/06/29 11:32,2,http://www.example.com,patronage-02
patronage-report-03,0003,2019/08/26 11:32,Memorandum 3,http://www.example.com,patronage-03
patronage-report-04,0004,2019/06/03 11:32,Memorandum 4,http://www.example.com,patronage-04
patronage-report-05,0005,2019/01/30 11:32,Memorandum 5,http://www.example.com,patronage-04
patronage-report-06,0006,2022/01/30 11:32,Memorandum 6,null,patronage-01
patronage-report-07,4658,2019/07/10 11:32,Memorandum 7,null,patronage-01
patronage-report-08,4618,2019/07/10 11:32,Memorandum 8,null,patronage-01
patronage-report-09,2424,2019/07/10 11:32,Memorandum 9,http://www.google.es,patronage-01
patronage-report-10,1701,2019/07/10 11:32,Memorandum 10 con 254 caracteres Memorandum 10 con 254 caracteres Memorandum 10 con 254 caracteres Memorandum 10 con 254 caracteres Memorandum 10 con 254 caracteres Memorandum 10 con 254 caracteres Memorandum 10 con 254 caracteres Memorandum 10 con 254 c,null,patronage-01
